Collection A,Collection B,Images in A,≥ 0.90 (n),≥ 0.90 (%),≥ 0.95 (n),≥ 0.95 (%)
WFD2020,CerealConv subset,2414,0,0.0,0,0.0
WFD2020,Jayaprakash,2414,71,2.9,67,2.8
WFD2020,Kushagra,2414,390,16.2,293,12.1
WFD2020,Mendeley 2025,2414,2,0.1,0,0.0
WFD2020,Mendeley leaf,2414,1,0.0,0,0.0
CerealConv subset,WFD2020,999,0,0.0,0,0.0
CerealConv subset,Jayaprakash,999,843,84.4,838,83.9
CerealConv subset,Kushagra,999,985,98.6,886,88.7
CerealConv subset,Mendeley 2025,999,0,0.0,0,0.0
CerealConv subset,Mendeley leaf,999,0,0.0,0,0.0
Jayaprakash,WFD2020,4894,63,1.3,63,1.3
Jayaprakash,CerealConv subset,4894,838,17.1,838,17.1
Jayaprakash,Kushagra,4894,3161,64.6,2858,58.4
Jayaprakash,Mendeley 2025,4894,0,0.0,0,0.0
Jayaprakash,Mendeley leaf,4894,0,0.0,0,0.0
Kushagra,WFD2020,11143,448,4.0,313,2.8
Kushagra,CerealConv subset,11143,1170,10.5,973,8.7
Kushagra,Jayaprakash,11143,3444,30.9,3083,27.7
Kushagra,Mendeley 2025,11143,12,0.1,0,0.0
Kushagra,Mendeley leaf,11143,407,3.7,406,3.6
Mendeley 2025,WFD2020,1475,3,0.2,0,0.0
Mendeley 2025,CerealConv subset,1475,0,0.0,0,0.0
Mendeley 2025,Jayaprakash,1475,0,0.0,0,0.0
Mendeley 2025,Kushagra,1475,21,1.4,0,0.0
Mendeley 2025,Mendeley leaf,1475,0,0.0,0,0.0
Mendeley leaf,WFD2020,406,1,0.2,0,0.0
Mendeley leaf,CerealConv subset,406,0,0.0,0,0.0
Mendeley leaf,Jayaprakash,406,0,0.0,0,0.0
Mendeley leaf,Kushagra,406,406,100.0,406,100.0
Mendeley leaf,Mendeley 2025,406,0,0.0,0,0.0
