collection,expert,true,Healthy,Leaf rust,Powdery mildew,Septoria,Stem rust,Stripe rust,Uncertain
ETS,L,Healthy,38,1,1,1,1,0,0
ETS,L,Leaf rust,6,118,1,0,2,2,0
ETS,L,Powdery mildew,4,0,111,3,0,2,0
ETS,L,Septoria,0,4,1,29,0,6,0
ETS,L,Stem rust,4,25,3,2,65,2,0
ETS,L,Stripe rust,2,12,0,0,0,106,0
ETS,G61,Healthy,8,1,12,1,1,0,19
ETS,G61,Leaf rust,1,107,0,0,10,4,7
ETS,G61,Powdery mildew,0,2,107,2,0,2,7
ETS,G61,Septoria,0,2,1,18,2,3,14
ETS,G61,Stem rust,0,3,0,0,98,0,0
ETS,G61,Stripe rust,0,8,0,0,0,111,1
ETS2,L,Healthy,58,0,2,0,0,0,0
ETS2,L,Leaf rust,0,60,0,0,0,0,0
ETS2,L,Powdery mildew,3,0,56,0,0,1,0
ETS2,L,Stripe rust,0,1,0,3,0,56,0
ETS2,G61,Healthy,41,0,3,0,0,0,16
ETS2,G61,Leaf rust,0,56,1,0,0,3,0
ETS2,G61,Powdery mildew,0,0,58,0,0,1,1
ETS2,G61,Stripe rust,0,1,3,38,0,10,8
iNat,L,Leaf rust,7,21,1,1,1,5,0
iNat,L,Powdery mildew,0,1,4,0,0,0,0
iNat,L,Septoria,1,3,0,14,2,3,0
iNat,L,Stripe rust,0,1,0,0,0,3,0
iNat,G61,Leaf rust,0,16,0,0,2,4,14
iNat,G61,Powdery mildew,0,0,4,0,0,0,1
iNat,G61,Septoria,0,1,0,12,1,2,7
iNat,G61,Stripe rust,0,0,0,0,1,3,0
