collection,curve,coverage,error_rate
ETS,L,0.0018,0.0
ETS,L,0.0181,0.0
ETS,L,0.0344,0.0
ETS,L,0.0507,0.0
ETS,L,0.067,0.0
ETS,L,0.0833,0.0217
ETS,L,0.0996,0.0182
ETS,L,0.1159,0.0156
ETS,L,0.1322,0.0137
ETS,L,0.1486,0.0122
ETS,L,0.1649,0.011
ETS,L,0.1812,0.01
ETS,L,0.1975,0.0092
ETS,L,0.2138,0.0085
ETS,L,0.2301,0.0079
ETS,L,0.2464,0.0074
ETS,L,0.2627,0.0069
ETS,L,0.279,0.0065
ETS,L,0.2953,0.0061
ETS,L,0.3116,0.0058
ETS,L,0.3279,0.0055
ETS,L,0.3442,0.0053
ETS,L,0.3605,0.005
ETS,L,0.3768,0.0048
ETS,L,0.3931,0.0046
ETS,L,0.4094,0.0044
ETS,L,0.4257,0.0043
ETS,L,0.442,0.0041
ETS,L,0.4583,0.0079
ETS,L,0.4746,0.0115
ETS,L,0.4909,0.0148
ETS,L,0.5072,0.0143
ETS,L,0.5236,0.0138
ETS,L,0.5399,0.0134
ETS,L,0.5562,0.013
ETS,L,0.5725,0.0158
ETS,L,0.5888,0.0154
ETS,L,0.6051,0.018
ETS,L,0.6214,0.0204
ETS,L,0.6377,0.0199
ETS,L,0.654,0.0249
ETS,L,0.6703,0.027
ETS,L,0.6866,0.0317
ETS,L,0.7029,0.0309
ETS,L,0.7192,0.0327
ETS,L,0.7355,0.0345
ETS,L,0.7518,0.0337
ETS,L,0.7681,0.033
ETS,L,0.7844,0.0346
ETS,L,0.8007,0.0362
ETS,L,0.817,0.0399
ETS,L,0.8333,0.0413
ETS,L,0.8496,0.0426
ETS,L,0.8659,0.046
ETS,L,0.8822,0.0513
ETS,L,0.8986,0.0544
ETS,L,0.9149,0.0594
ETS,L,0.9312,0.0661
ETS,L,0.9475,0.0669
ETS,L,0.9638,0.0695
ETS,L,0.9801,0.0739
ETS,L,0.9964,0.0764
ETS,L,1.0,0.0761
ETS,G61,0.0018,0.0
ETS,G61,0.0181,0.0
ETS,G61,0.0344,0.0
ETS,G61,0.0507,0.0
ETS,G61,0.067,0.0
ETS,G61,0.0833,0.0
ETS,G61,0.0996,0.0
ETS,G61,0.1159,0.0
ETS,G61,0.1322,0.0
ETS,G61,0.1486,0.0
ETS,G61,0.1649,0.0
ETS,G61,0.1812,0.0
ETS,G61,0.1975,0.0
ETS,G61,0.2138,0.0
ETS,G61,0.2301,0.0
ETS,G61,0.2464,0.0
ETS,G61,0.2627,0.0
ETS,G61,0.279,0.0
ETS,G61,0.2953,0.0
ETS,G61,0.3116,0.0
ETS,G61,0.3279,0.0055
ETS,G61,0.3442,0.0053
ETS,G61,0.3605,0.005
ETS,G61,0.3768,0.0048
ETS,G61,0.3931,0.0046
ETS,G61,0.4094,0.0044
ETS,G61,0.4257,0.0043
ETS,G61,0.442,0.0082
ETS,G61,0.4583,0.0119
ETS,G61,0.4746,0.0115
ETS,G61,0.4909,0.0111
ETS,G61,0.5072,0.0107
ETS,G61,0.5236,0.0104
ETS,G61,0.5399,0.0101
ETS,G61,0.5562,0.0098
ETS,G61,0.5725,0.0095
ETS,G61,0.5888,0.0092
ETS,G61,0.6051,0.009
ETS,G61,0.6214,0.0175
ETS,G61,0.6377,0.0227
ETS,G61,0.654,0.0277
ETS,G61,0.6703,0.027
ETS,G61,0.6866,0.029
ETS,G61,0.7029,0.0309
ETS,G61,0.7192,0.0302
ETS,G61,0.7355,0.0296
ETS,G61,0.7518,0.0289
ETS,G61,0.7681,0.0283
ETS,G61,0.7844,0.0277
ETS,G61,0.8007,0.0317
ETS,G61,0.817,0.0333
ETS,G61,0.8333,0.0413
ETS,G61,0.8496,0.0426
ETS,G61,0.8659,0.046
ETS,G61,0.8822,0.0452
ETS,G61,0.8986,0.0504
ETS,G61,0.9149,0.0614
ETS,G61,0.9312,0.0778
ETS,G61,0.9475,0.0937
ETS,G61,0.9638,0.109
ETS,G61,0.9801,0.1238
ETS,G61,0.9964,0.1382
ETS,G61,1.0,0.1413
ETS,system_sweep,0.0236,0.0
ETS,system_sweep,0.2754,0.0
ETS,system_sweep,0.3315,0.0
ETS,system_sweep,0.3804,0.0
ETS,system_sweep,0.4058,0.0
ETS,system_sweep,0.4275,0.0085
ETS,system_sweep,0.4493,0.0081
ETS,system_sweep,0.4819,0.0075
ETS,system_sweep,0.5036,0.0072
ETS,system_sweep,0.5181,0.007
ETS,system_sweep,0.5362,0.0068
ETS,system_sweep,0.5507,0.0066
ETS,system_sweep,0.5652,0.0064
ETS,system_sweep,0.5688,0.0064
ETS,system_sweep,0.5779,0.0063
ETS,system_sweep,0.587,0.0062
ETS,system_sweep,0.6014,0.006
ETS,system_sweep,0.6141,0.0059
ETS,system_sweep,0.6304,0.0057
ETS,system_sweep,0.6486,0.0056
ETS,system_sweep,0.6558,0.0055
ETS,system_sweep,0.6703,0.0054
ETS,system_sweep,0.6866,0.0053
ETS,system_sweep,0.6975,0.0078
ETS,system_sweep,0.7065,0.0077
ETS,system_sweep,0.7101,0.0077
ETS,system_sweep,0.7192,0.0076
ETS,system_sweep,0.7228,0.0075
ETS,system_sweep,0.7301,0.0074
ETS,system_sweep,0.7355,0.0099
ETS,system_sweep,0.7482,0.0097
ETS,system_sweep,0.7554,0.012
ETS,system_sweep,0.7645,0.0142
ETS,system_sweep,0.7699,0.0141
ETS,system_sweep,0.7772,0.014
ETS,system_sweep,0.7826,0.0139
ETS,system_sweep,0.7844,0.0139
ETS,system_sweep,0.7862,0.0138
ETS,system_sweep,0.7935,0.0137
ETS,system_sweep,0.8007,0.0136
ETS,operating_point,0.7264,0.0075
ETS,matched_L,0.7264,0.0324
ETS,matched_G61,0.7264,0.0299
ETS2,L,0.0042,0.0
ETS2,L,0.0208,0.0
ETS2,L,0.0375,0.0
ETS2,L,0.0542,0.0
ETS2,L,0.0708,0.0
ETS2,L,0.0875,0.0
ETS2,L,0.1042,0.0
ETS2,L,0.1208,0.0
ETS2,L,0.1375,0.0
ETS2,L,0.1542,0.0
ETS2,L,0.1708,0.0
ETS2,L,0.1875,0.0
ETS2,L,0.2042,0.0
ETS2,L,0.2208,0.0
ETS2,L,0.2375,0.0
ETS2,L,0.2542,0.0
ETS2,L,0.2708,0.0
ETS2,L,0.2875,0.0
ETS2,L,0.3042,0.0
ETS2,L,0.3208,0.0
ETS2,L,0.3375,0.0
ETS2,L,0.3542,0.0
ETS2,L,0.3708,0.0
ETS2,L,0.3875,0.0
ETS2,L,0.4042,0.0
ETS2,L,0.4208,0.0
ETS2,L,0.4375,0.0
ETS2,L,0.4542,0.0092
ETS2,L,0.4708,0.0088
ETS2,L,0.4875,0.0085
ETS2,L,0.5042,0.0083
ETS2,L,0.5208,0.008
ETS2,L,0.5375,0.0078
ETS2,L,0.5542,0.0075
ETS2,L,0.5708,0.0073
ETS2,L,0.5875,0.0071
ETS2,L,0.6042,0.0069
ETS2,L,0.6208,0.0067
ETS2,L,0.6375,0.0065
ETS2,L,0.6542,0.0064
ETS2,L,0.6708,0.0062
ETS2,L,0.6875,0.0061
ETS2,L,0.7042,0.0059
ETS2,L,0.7208,0.0058
ETS2,L,0.7375,0.0056
ETS2,L,0.7542,0.0055
ETS2,L,0.7708,0.0054
ETS2,L,0.7875,0.0053
ETS2,L,0.8042,0.0052
ETS2,L,0.8208,0.0051
ETS2,L,0.8375,0.005
ETS2,L,0.8542,0.0098
ETS2,L,0.8708,0.0096
ETS2,L,0.8875,0.0188
ETS2,L,0.9042,0.0184
ETS2,L,0.9208,0.0181
ETS2,L,0.9375,0.0222
ETS2,L,0.9542,0.0262
ETS2,L,0.9708,0.03
ETS2,L,0.9875,0.0338
ETS2,L,1.0,0.0375
ETS2,G61,0.0042,0.0
ETS2,G61,0.0208,0.0
ETS2,G61,0.0375,0.0
ETS2,G61,0.0542,0.0
ETS2,G61,0.0708,0.0
ETS2,G61,0.0875,0.0
ETS2,G61,0.1042,0.0
ETS2,G61,0.1208,0.0
ETS2,G61,0.1375,0.0
ETS2,G61,0.1542,0.0
ETS2,G61,0.1708,0.0
ETS2,G61,0.1875,0.0444
ETS2,G61,0.2042,0.0612
ETS2,G61,0.2208,0.0566
ETS2,G61,0.2375,0.0702
ETS2,G61,0.2542,0.082
ETS2,G61,0.2708,0.0769
ETS2,G61,0.2875,0.0725
ETS2,G61,0.3042,0.0685
ETS2,G61,0.3208,0.0649
ETS2,G61,0.3375,0.0617
ETS2,G61,0.3542,0.0588
ETS2,G61,0.3708,0.0787
ETS2,G61,0.3875,0.1183
ETS2,G61,0.4042,0.134
ETS2,G61,0.4208,0.1287
ETS2,G61,0.4375,0.1333
ETS2,G61,0.4542,0.1376
ETS2,G61,0.4708,0.1327
ETS2,G61,0.4875,0.1453
ETS2,G61,0.5042,0.1405
ETS2,G61,0.5208,0.144
ETS2,G61,0.5375,0.155
ETS2,G61,0.5542,0.1504
ETS2,G61,0.5708,0.146
ETS2,G61,0.5875,0.1418
ETS2,G61,0.6042,0.1448
ETS2,G61,0.6208,0.1477
ETS2,G61,0.6375,0.1699
ETS2,G61,0.6542,0.172
ETS2,G61,0.6708,0.1677
ETS2,G61,0.6875,0.1636
ETS2,G61,0.7042,0.1657
ETS2,G61,0.7208,0.1792
ETS2,G61,0.7375,0.1751
ETS2,G61,0.7542,0.1713
ETS2,G61,0.7708,0.173
ETS2,G61,0.7875,0.1746
ETS2,G61,0.8042,0.171
ETS2,G61,0.8208,0.1726
ETS2,G61,0.8375,0.1891
ETS2,G61,0.8542,0.1902
ETS2,G61,0.8708,0.1962
ETS2,G61,0.8875,0.2066
ETS2,G61,0.9042,0.2212
ETS2,G61,0.9208,0.2353
ETS2,G61,0.9375,0.2489
ETS2,G61,0.9542,0.262
ETS2,G61,0.9708,0.2747
ETS2,G61,0.9875,0.2869
ETS2,G61,1.0,0.2958
ETS2,system_sweep,0.0958,0.0
ETS2,system_sweep,0.5958,0.0
ETS2,system_sweep,0.6125,0.0
ETS2,system_sweep,0.625,0.0
ETS2,system_sweep,0.6375,0.0
ETS2,system_sweep,0.6458,0.0
ETS2,system_sweep,0.65,0.0
ETS2,system_sweep,0.6542,0.0
ETS2,system_sweep,0.6583,0.0
ETS2,system_sweep,0.6625,0.0
ETS2,system_sweep,0.6708,0.0
ETS2,system_sweep,0.675,0.0
ETS2,system_sweep,0.6792,0.0
ETS2,system_sweep,0.6833,0.0
ETS2,system_sweep,0.6875,0.0
ETS2,system_sweep,0.6917,0.006
ETS2,operating_point,0.6833,0.0
ETS2,matched_L,0.6833,0.0061
ETS2,matched_G61,0.6833,0.1646
P4,L,0.0147,0.0
P4,L,0.0294,0.0
P4,L,0.0441,0.0
P4,L,0.0588,0.0
P4,L,0.0735,0.0
P4,L,0.0882,0.0
P4,L,0.1029,0.0
P4,L,0.1176,0.0
P4,L,0.1324,0.0
P4,L,0.1471,0.0
P4,L,0.1618,0.0
P4,L,0.1765,0.0
P4,L,0.1912,0.0769
P4,L,0.2059,0.0714
P4,L,0.2206,0.0667
P4,L,0.2353,0.125
P4,L,0.25,0.1765
P4,L,0.2647,0.2222
P4,L,0.2794,0.2105
P4,L,0.2941,0.2
P4,L,0.3088,0.1905
P4,L,0.3235,0.1818
P4,L,0.3382,0.1739
P4,L,0.3529,0.1667
P4,L,0.3676,0.16
P4,L,0.3824,0.1538
P4,L,0.3971,0.1852
P4,L,0.4118,0.2143
P4,L,0.4265,0.2069
P4,L,0.4412,0.2333
P4,L,0.4559,0.2258
P4,L,0.4706,0.2188
P4,L,0.4853,0.2121
P4,L,0.5,0.2059
P4,L,0.5147,0.2286
P4,L,0.5294,0.2222
P4,L,0.5441,0.2432
P4,L,0.5588,0.2632
P4,L,0.5735,0.2564
P4,L,0.5882,0.25
P4,L,0.6029,0.2439
P4,L,0.6176,0.2381
P4,L,0.6324,0.2326
P4,L,0.6471,0.2273
P4,L,0.6618,0.2222
P4,L,0.6765,0.2174
P4,L,0.6912,0.2128
P4,L,0.7059,0.2083
P4,L,0.7206,0.2041
P4,L,0.7353,0.2
P4,L,0.75,0.1961
P4,L,0.7647,0.1923
P4,L,0.7794,0.1887
P4,L,0.7941,0.1852
P4,L,0.8088,0.2
P4,L,0.8235,0.1964
P4,L,0.8382,0.2105
P4,L,0.8529,0.2069
P4,L,0.8676,0.2203
P4,L,0.8824,0.2333
P4,L,0.8971,0.2295
P4,L,0.9118,0.2419
P4,L,0.9265,0.254
P4,L,0.9412,0.2656
P4,L,0.9559,0.2615
P4,L,0.9706,0.2727
P4,L,0.9853,0.2836
P4,L,1.0,0.2794
P4,L,1.0,0.2794
P4,G61,0.0147,0.0
P4,G61,0.0294,0.0
P4,G61,0.0441,0.0
P4,G61,0.0588,0.0
P4,G61,0.0735,0.0
P4,G61,0.0882,0.0
P4,G61,0.1029,0.0
P4,G61,0.1176,0.0
P4,G61,0.1324,0.0
P4,G61,0.1471,0.0
P4,G61,0.1618,0.0
P4,G61,0.1765,0.0
P4,G61,0.1912,0.0
P4,G61,0.2059,0.0
P4,G61,0.2206,0.0
P4,G61,0.2353,0.0
P4,G61,0.25,0.0
P4,G61,0.2647,0.0
P4,G61,0.2794,0.0
P4,G61,0.2941,0.0
P4,G61,0.3088,0.0
P4,G61,0.3235,0.0
P4,G61,0.3382,0.0
P4,G61,0.3529,0.0
P4,G61,0.3676,0.0
P4,G61,0.3824,0.0
P4,G61,0.3971,0.037
P4,G61,0.4118,0.0357
P4,G61,0.4265,0.0345
P4,G61,0.4412,0.0333
P4,G61,0.4559,0.0645
P4,G61,0.4706,0.0625
P4,G61,0.4853,0.0606
P4,G61,0.5,0.0588
P4,G61,0.5147,0.0571
P4,G61,0.5294,0.0833
P4,G61,0.5441,0.0811
P4,G61,0.5588,0.0789
P4,G61,0.5735,0.0769
P4,G61,0.5882,0.075
P4,G61,0.6029,0.0732
P4,G61,0.6176,0.0714
P4,G61,0.6324,0.0698
P4,G61,0.6471,0.0682
P4,G61,0.6618,0.0667
P4,G61,0.6765,0.087
P4,G61,0.6912,0.1064
P4,G61,0.7059,0.125
P4,G61,0.7206,0.1429
P4,G61,0.7353,0.16
P4,G61,0.75,0.1765
P4,G61,0.7647,0.1923
P4,G61,0.7794,0.2075
P4,G61,0.7941,0.2222
P4,G61,0.8088,0.2364
P4,G61,0.8235,0.25
P4,G61,0.8382,0.2632
P4,G61,0.8529,0.2759
P4,G61,0.8676,0.2881
P4,G61,0.8824,0.3
P4,G61,0.8971,0.3115
P4,G61,0.9118,0.3226
P4,G61,0.9265,0.3333
P4,G61,0.9412,0.3438
P4,G61,0.9559,0.3538
P4,G61,0.9706,0.3636
P4,G61,0.9853,0.3731
P4,G61,1.0,0.3824
P4,G61,1.0,0.3824
P4,system_sweep,0.1176,0.0
P4,system_sweep,0.1471,0.0
P4,system_sweep,0.1618,0.0
P4,system_sweep,0.1765,0.0
P4,system_sweep,0.1912,0.0
P4,system_sweep,0.25,0.0
P4,system_sweep,0.2647,0.0
P4,system_sweep,0.2794,0.0
P4,system_sweep,0.2941,0.05
P4,system_sweep,0.3088,0.0476
P4,system_sweep,0.3235,0.0455
P4,system_sweep,0.3382,0.087
P4,system_sweep,0.3529,0.0833
P4,system_sweep,0.3676,0.08
P4,system_sweep,0.3824,0.0769
P4,system_sweep,0.3971,0.0741
P4,system_sweep,0.4118,0.0714
P4,system_sweep,0.4559,0.0645
P4,system_sweep,0.4706,0.0625
P4,system_sweep,0.4853,0.0606
P4,system_sweep,0.5,0.0588
P4,system_sweep,0.5147,0.0571
P4,system_sweep,0.5294,0.0556
P4,operating_point,0.4853,0.0606
P4,matched_L,0.4853,0.2121
P4,matched_G61,0.4853,0.0606
