strategy,collection,accuracy
L,pooled,0.7527
L,EVAL450,0.5489
L,ETS,0.846
L,ETS2,0.9583
L,P4,0.6176
G61+L,pooled,0.7779
G61+L,EVAL450,0.6711
G61+L,ETS,0.8822
G61+L,ETS2,0.775
G61+L,P4,0.6471
vote3,pooled,0.8023
vote3,EVAL450,0.7178
vote3,ETS,0.8895
vote3,ETS2,0.7875
vote3,P4,0.7059
learned,pooled,0.7542
learned,EVAL450,0.6311
learned,ETS,0.8605
learned,ETS2,0.7583
learned,P4,0.6912
knowledge,pooled,0.7832
knowledge,EVAL450,0.6867
knowledge,ETS,0.8786
knowledge,ETS2,0.7708
knowledge,P4,0.6912
k10,pooled,0.825
k10,EVAL450,0.7211
k10,ETS,0.8807
k10,ETS2,0.9297
k10,P4,0.6921
ub,pooled,0.8656
ub,EVAL450,0.7267
ub,ETS,0.9511
ub,ETS2,0.975
ub,P4,0.7059
